{"errors":[],"warnings":[],"namedChunkGroups":{"app":{"chunks":[7,2],"assets":["webpack-runtime-41a3c5daaaa440ff56dc.js","webpack-runtime-41a3c5daaaa440ff56dc.js.map","app-84a0b9934b123bc9fb4d.js","app-84a0b9934b123bc9fb4d.js.map"],"children":{},"childAssets":{}},"component---src-pages-404-js":{"chunks":[0,3],"assets":["0-3b4353a32ed17b867839.js","0-3b4353a32ed17b867839.js.map","component---src-pages-404-js.fc1685932d00495e4c00.css","component---src-pages-404-js-64125ab2e2487027a297.js","component---src-pages-404-js-64125ab2e2487027a297.js.map"],"children":{},"childAssets":{}},"component---src-pages-index-js":{"chunks":[0,1,4],"assets":["0-3b4353a32ed17b867839.js","0-3b4353a32ed17b867839.js.map","1.54909b0df94ba6342b93.css","1-67fade87713da9b5e310.js","1-67fade87713da9b5e310.js.map","component---src-pages-index-js-69dc2a4bb50c2b531d0a.js","component---src-pages-index-js-69dc2a4bb50c2b531d0a.js.map"],"children":{},"childAssets":{}},"component---src-pages-venues-js":{"chunks":[0,1,5],"assets":["0-3b4353a32ed17b867839.js","0-3b4353a32ed17b867839.js.map","1.54909b0df94ba6342b93.css","1-67fade87713da9b5e310.js","1-67fade87713da9b5e310.js.map","component---src-pages-venues-js-9e14b19ff8bf118eeb39.js","component---src-pages-venues-js-9e14b19ff8bf118eeb39.js.map"],"children":{},"childAssets":{}},"pages-manifest":{"chunks":[6],"assets":["pages-manifest-07d995ba0cc8b98af275.js","pages-manifest-07d995ba0cc8b98af275.js.map"],"children":{},"childAssets":{}}},"assetsByChunkName":{"app":["webpack-runtime-41a3c5daaaa440ff56dc.js","app-84a0b9934b123bc9fb4d.js"],"component---src-pages-404-js":["0-3b4353a32ed17b867839.js","component---src-pages-404-js.fc1685932d00495e4c00.css","component---src-pages-404-js-64125ab2e2487027a297.js"],"component---src-pages-index-js":["0-3b4353a32ed17b867839.js","1.54909b0df94ba6342b93.css","1-67fade87713da9b5e310.js","component---src-pages-index-js-69dc2a4bb50c2b531d0a.js"],"component---src-pages-venues-js":["0-3b4353a32ed17b867839.js","1.54909b0df94ba6342b93.css","1-67fade87713da9b5e310.js","component---src-pages-venues-js-9e14b19ff8bf118eeb39.js"],"pages-manifest":["pages-manifest-07d995ba0cc8b98af275.js"]}}